group,subject_id,value
Ctl,Ctl_P1,-0.15
Ctl,Ctl_P1,-1.13
Ctl,Ctl_P1,0.75
Ctl,Ctl_P1,0.82
Ctl,Ctl_P2,1.85
Ctl,Ctl_P2,0.87
Ctl,Ctl_P2,1.62
Ctl,Ctl_P2,2.14
Ctl,Ctl_P3,-1.84
Ctl,Ctl_P3,-0.91
Ctl,Ctl_P3,-1.37
Ctl,Ctl_P3,-0.43
Ctl,Ctl_P4,0.61
Ctl,Ctl_P4,1.20
Ctl,Ctl_P4,0.18
Ctl,Ctl_P4,0.95
Trt,Trt_P1,0.42
Trt,Trt_P1,-0.24
Trt,Trt_P1,0.93
Trt,Trt_P1,0.11
Trt,Trt_P2,1.67
Trt,Trt_P2,2.31
Trt,Trt_P2,1.22
Trt,Trt_P2,1.94
Trt,Trt_P3,-1.53
Trt,Trt_P3,-0.88
Trt,Trt_P3,-1.16
Trt,Trt_P3,-0.47
Trt,Trt_P4,0.76
Trt,Trt_P4,1.41
Trt,Trt_P4,0.34
Trt,Trt_P4,1.08
