subject_id,time,value
S01,Pre,61.72641634915883
S02,Pre,52.87317678664156
S03,Pre,41.69214903441372
S04,Pre,79.23024366753427
S05,Pre,62.146943425866105
S06,Pre,60.325521080067176
S07,Pre,35.343407894118364
S08,Pre,62.144712288960434
S09,Pre,41.97911164390988
S10,Pre,70.65940245664527
S11,Pre,57.20273212264333
S12,Pre,50.650862396989524
S13,Pre,40.55949870854334
S14,Pre,52.834933948414836
S01,Post,64.35874412545195
S02,Post,54.713634826959755
S03,Post,43.9057590759433
S04,Post,80.36293367852564
S05,Post,60.103640124818945
S06,Post,60.37385586019429
S07,Post,34.50266431757306
S08,Post,64.55608486331023
S09,Post,46.102085908825934
S10,Post,72.74196347978992
S11,Post,63.133443127940886
S12,Post,55.62309521787387
S13,Post,44.67188280330559
S14,Post,55.59997962179907
