group,value
Control,1.7400609563582607
Control,1.8611248192273069
Control,4.790969596133553
Control,6.155215626477818
Control,1.59603782797729
Control,2.374624221170437
Control,1.0281741044584363
Control,3.935540468133566
Control,4.090666851739367
Control,6.075628662721789
Control,2.8920975326725187
Control,7.215476633709127
Treatment,2.1256717454571312
Treatment,3.8581049953221607
Treatment,5.785460131864782
Treatment,4.684673190803117
Treatment,4.327786540139748
Treatment,5.079324844243058
Treatment,2.051651651704746
Treatment,24.33699118215293
Treatment,3.9126926209119737
Treatment,4.288008643076479
Treatment,8.016511989887256
Treatment,3.4286529522793625
Treatment,9.675013221330959
Treatment,13.449361279942194
Treatment,3.9938145043291513
Vehicle,1.8161993094100446
Vehicle,1.2556301151023657
Vehicle,1.5429995699278196
Vehicle,1.2461266360903418
Vehicle,4.183406587494175
Vehicle,4.449485186665814
Vehicle,4.17606604024015
Vehicle,2.211356458129766
Vehicle,1.6784022376513528
